Date,Open,High,Low,Close,Adj Close,Volume
2020-03-19 00:00:00-04:00,40.0,46.0,40.0,45.25,43.813140869140625,7000
2020-03-20 00:00:00-04:00,45.0099983215332,46.0099983215332,45.0,45.0,43.57107925415039,3600
2020-03-23 00:00:00-04:00,42.0,42.0,39.97999954223633,40.0,38.72985076904297,11900
2020-03-24 00:00:00-04:00,40.0,40.0,39.0,40.0,38.72985076904297,77800
2020-03-25 00:00:00-04:00,40.0,44.79999923706055,38.0,41.0099983215332,39.7077751159668,7000
2020-03-26 00:00:00-04:00,45.0,47.5,44.25,45.0,43.57107925415039,29100
2020-03-27 00:00:00-04:00,45.0,47.5,44.9900016784668,45.23500061035156,43.798622131347656,263200
2020-03-30 00:00:00-04:00,44.25,50.0,44.25,50.0,48.41230773925781,118100
2020-03-31 00:00:00-04:00,46.5,50.0,44.779998779296875,50.0,48.41230773925781,210300
2020-04-01 00:00:00-04:00,45.9900016784668,48.5,44.0,46.70000076293945,45.21710205078125,1206100
2020-04-02 00:00:00-04:00,45.02399826049805,48.65999984741211,43.20000076293945,44.0,42.602840423583984,9264200
2020-04-03 00:00:00-04:00,43.75,49.29999923706055,41.79999923706055,47.31999969482422,45.817413330078125,22551600
2020-04-06 00:00:00-04:00,47.0,47.849998474121094,44.70000076293945,45.939998626708984,44.48123550415039,10294200
2020-04-07 00:00:00-04:00,45.150001525878906,46.9900016784668,42.93000030517578,44.279998779296875,42.87394332885742,12146500
2020-04-08 00:00:00-04:00,42.209999084472656,45.20000076293945,41.2599983215332,44.09000015258789,42.689979553222656,22265800
2020-04-09 00:00:00-04:00,44.04999923706055,50.25,44.0,49.13999938964844,47.579620361328125,17355600
2020-04-13 00:00:00-04:00,48.54999923706055,48.66999816894531,45.720001220703125,46.0,44.539329528808594,8545100
2020-04-14 00:00:00-04:00,45.90999984741211,46.29999923706055,43.970001220703125,45.88999938964844,44.43281936645508,10152100
2020-04-15 00:00:00-04:00,44.189998626708984,44.849998474121094,42.79999923706055,44.54999923706055,43.135372161865234,7935500
2020-04-16 00:00:00-04:00,44.08000183105469,46.40700149536133,43.54999923706055,45.619998931884766,44.1713981628418,8740200
2020-04-17 00:00:00-04:00,47.0,48.560001373291016,45.91999816894531,46.150001525878906,44.684566497802734,7878100
2020-04-20 00:00:00-04:00,45.0,46.97999954223633,44.900001525878906,45.38999938964844,43.94869613647461,5407500
2020-04-21 00:00:00-04:00,44.5,47.20000076293945,44.5,45.900001525878906,44.442501068115234,6939700
2020-04-22 00:00:00-04:00,47.310001373291016,49.54999923706055,46.0,47.04999923706055,45.55598831176758,6801900
2020-04-23 00:00:00-04:00,47.439998626708984,48.040000915527344,46.47999954223633,47.470001220703125,45.96265411376953,5174800
2020-04-24 00:00:00-04:00,48.02000045776367,48.5,46.310001373291016,47.849998474121094,46.33058547973633,6446900
2020-04-27 00:00:00-04:00,48.08000183105469,48.599998474121094,47.61000061035156,48.220001220703125,46.688838958740234,5541100
2020-04-28 00:00:00-04:00,49.06999969482422,50.95000076293945,48.650001525878906,49.86000061035156,48.276763916015625,5368200
2020-04-29 00:00:00-04:00,50.77000045776367,51.72999954223633,49.709999084472656,51.150001525878906,49.52579879760742,4343900
2020-04-30 00:00:00-04:00,50.970001220703125,51.599998474121094,50.5,50.90999984741211,49.29341506958008,6123800
2020-05-01 00:00:00-04:00,50.33000183105469,50.529998779296875,48.310001373291016,49.709999084472656,48.13152313232422,3089700
2020-05-04 00:00:00-04:00,48.849998474121094,49.66999816894531,47.5099983215332,49.529998779296875,47.95723342895508,5676600
2020-05-05 00:00:00-04:00,49.529998779296875,50.63999938964844,47.959999084472656,48.09000015258789,46.56296157836914,4103600
2020-05-06 00:00:00-04:00,48.61000061035156,49.0,47.88999938964844,48.310001373291016,46.775978088378906,2931800
2020-05-07 00:00:00-04:00,49.02000045776367,53.290000915527344,48.9900016784668,51.810001373291016,50.16484069824219,4803200
2020-05-08 00:00:00-04:00,52.119998931884766,54.16999816894531,52.11000061035156,52.95000076293945,51.268646240234375,4289400
2020-05-11 00:00:00-04:00,52.0,52.400001525878906,51.060001373291016,51.810001373291016,50.16484069824219,3150600
2020-05-12 00:00:00-04:00,52.189998626708984,52.290000915527344,49.689998626708984,49.720001220703125,48.141204833984375,3059800
2020-05-13 00:00:00-04:00,49.0,50.29999923706055,47.8849983215332,48.209999084472656,46.67915344238281,4567000
2020-05-14 00:00:00-04:00,47.61000061035156,48.400001525878906,47.22999954223633,48.0,46.47582244873047,4849900
2020-05-15 00:00:00-04:00,47.31999969482422,49.220001220703125,47.20000076293945,48.88999938964844,47.337554931640625,2981400
2020-05-18 00:00:00-04:00,50.119998931884766,52.34000015258789,50.119998931884766,52.130001068115234,50.47468185424805,4452600
2020-05-19 00:00:00-04:00,51.68000030517578,52.928001403808594,51.05500030517578,52.310001373291016,50.648963928222656,2050300
2020-05-20 00:00:00-04:00,52.54999923706055,54.70000076293945,52.474998474121094,53.18000030517578,51.491336822509766,4755100
2020-05-21 00:00:00-04:00,52.36000061035156,53.54999923706055,51.869998931884766,52.029998779296875,50.56803512573242,3813100
2020-05-22 00:00:00-04:00,52.459999084472656,52.720001220703125,50.91999816894531,51.709999084472656,50.25701904296875,2134300
2020-05-26 00:00:00-04:00,53.029998779296875,53.9900016784668,50.70000076293945,50.88999938964844,49.46006774902344,6247000
2020-05-27 00:00:00-04:00,51.59000015258789,52.650001525878906,50.77000045776367,52.380001068115234,50.90819549560547,5202300
2020-05-28 00:00:00-04:00,52.869998931884766,52.95000076293945,50.93000030517578,50.959999084472656,49.52809524536133,4260700
2020-05-29 00:00:00-04:00,50.439998626708984,52.869998931884766,50.18000030517578,52.650001525878906,51.17061233520508,7522700
2020-06-01 00:00:00-04:00,52.45000076293945,54.439998626708984,52.11000061035156,54.08000183105469,52.560428619384766,3073300
2020-06-02 00:00:00-04:00,54.15999984741211,54.75,53.290000915527344,54.150001525878906,52.62846374511719,2638100
2020-06-03 00:00:00-04:00,55.0,55.58000183105469,54.54999923706055,55.470001220703125,53.91136932373047,4134500
2020-06-04 00:00:00-04:00,55.29999923706055,56.65999984741211,54.689998626708984,55.400001525878906,53.84333801269531,3281300
2020-06-05 00:00:00-04:00,57.83000183105469,58.70899963378906,56.0,58.56999969482422,56.92427062988281,4615100
2020-06-08 00:00:00-04:00,58.68000030517578,61.31999969482422,58.36000061035156,61.2599983215332,59.53868103027344,5966500
2020-06-09 00:00:00-04:00,60.400001525878906,61.459999084472656,59.2400016784668,60.650001525878906,58.94581985473633,4610200
2020-06-10 00:00:00-04:00,60.61000061035156,60.959999084472656,59.02000045776367,59.029998779296875,57.37134552001953,2658300
2020-06-11 00:00:00-04:00,56.0,58.06999969482422,55.70500183105469,56.25,54.66944885253906,3293900
2020-06-12 00:00:00-04:00,57.72999954223633,58.97999954223633,55.099998474121094,56.040000915527344,54.46535873413086,4313000
2020-06-15 00:00:00-04:00,54.5099983215332,57.79999923706055,53.83000183105469,57.66999816894531,56.049556732177734,4464300
2020-06-16 00:00:00-04:00,59.5,59.79999923706055,57.375,57.849998474121094,56.2244987487793,3510300
2020-06-17 00:00:00-04:00,58.119998931884766,58.189998626708984,56.459999084472656,56.7400016784668,55.145687103271484,2441500
2020-06-18 00:00:00-04:00,56.439998626708984,57.68000030517578,56.2400016784668,57.4900016784668,55.87461853027344,2137500
2020-06-19 00:00:00-04:00,58.959999084472656,58.959999084472656,55.95000076293945,57.0,55.39837646484375,7096100
2020-06-22 00:00:00-04:00,56.880001068115234,58.18000030517578,56.63999938964844,57.060001373291016,55.45669937133789,2027000
2020-06-23 00:00:00-04:00,57.689998626708984,57.869998931884766,56.59000015258789,56.79999923706055,55.20400619506836,2386900
2020-06-24 00:00:00-04:00,56.150001525878906,56.970001220703125,55.25,55.540000915527344,53.97941207885742,3022000
2020-06-25 00:00:00-04:00,55.04999923706055,56.5,54.7599983215332,56.20000076293945,54.62085723876953,2942900
2020-06-26 00:00:00-04:00,56.22999954223633,56.47999954223633,54.44200134277344,55.790000915527344,54.22238540649414,6634300
2020-06-29 00:00:00-04:00,55.88999938964844,56.79999923706055,55.33000183105469,56.56999969482422,54.980464935302734,2257300
2020-06-30 00:00:00-04:00,55.970001220703125,57.099998474121094,55.5099983215332,56.86000061035156,55.26231384277344,2518100
2020-07-01 00:00:00-04:00,57.0,57.0,55.75,55.779998779296875,54.2126579284668,2400200
2020-07-02 00:00:00-04:00,56.43000030517578,57.2400016784668,55.77000045776367,56.5,54.91242980957031,3162900
2020-07-06 00:00:00-04:00,57.380001068115234,57.58000183105469,56.43000030517578,56.86000061035156,55.26231384277344,1999100
2020-07-07 00:00:00-04:00,56.43000030517578,57.310001373291016,56.119998931884766,56.81999969482422,55.22344207763672,2537900
2020-07-08 00:00:00-04:00,57.029998779296875,57.150001525878906,56.27000045776367,56.91999816894531,55.32062530517578,6694900
2020-07-09 00:00:00-04:00,56.86000061035156,57.939998626708984,56.06999969482422,56.11000061035156,54.533390045166016,2424200
2020-07-10 00:00:00-04:00,56.22999954223633,57.310001373291016,56.040000915527344,56.97999954223633,55.37894058227539,2137300
2020-07-13 00:00:00-04:00,56.560001373291016,57.939998626708984,56.46500015258789,56.88999938964844,55.291465759277344,2882500
2020-07-14 00:00:00-04:00,56.220001220703125,57.45000076293945,56.029998779296875,57.369998931884766,55.75798416137695,2755100
2020-07-15 00:00:00-04:00,58.0099983215332,59.0,57.86000061035156,58.20000076293945,56.56466293334961,2358400
2020-07-16 00:00:00-04:00,58.0,58.560001373291016,57.65800094604492,58.31999969482422,56.68129348754883,2628800
2020-07-17 00:00:00-04:00,58.72999954223633,59.029998779296875,58.150001525878906,58.54999923706055,56.90482711791992,2983100
2020-07-20 00:00:00-04:00,58.41999816894531,59.650001525878906,57.9900016784668,58.560001373291016,56.914546966552734,2407800
2020-07-21 00:00:00-04:00,58.380001068115234,58.939998626708984,58.099998474121094,58.439998626708984,56.797916412353516,2314000
2020-07-22 00:00:00-04:00,57.959999084472656,58.93000030517578,57.68000030517578,58.47999954223633,56.836795806884766,2034300
2020-07-23 00:00:00-04:00,58.5,59.46799850463867,58.34000015258789,59.060001373291016,57.4005012512207,2566500
2020-07-24 00:00:00-04:00,59.18000030517578,59.19499969482422,57.630001068115234,58.130001068115234,56.49663543701172,3142100
2020-07-27 00:00:00-04:00,57.86000061035156,58.439998626708984,57.599998474121094,58.31999969482422,56.68129348754883,2670300
2020-07-28 00:00:00-04:00,59.81999969482422,61.83000183105469,59.70000076293945,60.279998779296875,58.58621597290039,4473600
2020-07-29 00:00:00-04:00,60.959999084472656,64.36000061035156,60.959999084472656,64.30000305175781,62.493263244628906,4885400
2020-07-30 00:00:00-04:00,63.439998626708984,64.5199966430664,63.150001525878906,63.38999938964844,61.60883331298828,2307000
2020-07-31 00:00:00-04:00,63.439998626708984,63.439998626708984,62.18000030517578,62.7400016784668,60.977088928222656,3156100
2020-08-03 00:00:00-04:00,63.02000045776367,63.81999969482422,62.7400016784668,63.209999084472656,61.43389129638672,3200500
2020-08-04 00:00:00-04:00,62.58000183105469,62.900001525878906,61.970001220703125,62.61000061035156,60.85075378417969,1739400
2020-08-05 00:00:00-04:00,62.7400016784668,63.650001525878906,62.34000015258789,63.09000015258789,61.3172607421875,2645000
2020-08-06 00:00:00-04:00,62.88999938964844,63.52000045776367,62.8650016784668,63.47999954223633,61.69630432128906,1557400
2020-08-07 00:00:00-04:00,63.15999984741211,64.47000122070312,63.15999984741211,64.41000366210938,62.60017395019531,1169100
2020-08-10 00:00:00-04:00,64.29000091552734,65.30000305175781,64.29000091552734,65.20999908447266,63.377685546875,1572700
2020-08-11 00:00:00-04:00,65.5199966430664,65.94999694824219,64.33000183105469,64.37000274658203,62.56129837036133,2787700
2020-08-12 00:00:00-04:00,64.97000122070312,65.47000122070312,64.22000122070312,64.9000015258789,63.076412200927734,1496600
2020-08-13 00:00:00-04:00,64.95999908447266,64.95999908447266,63.83000183105469,64.0,62.201690673828125,1436200
2020-08-14 00:00:00-04:00,63.709999084472656,64.51000213623047,63.599998474121094,64.06999969482422,62.269718170166016,1633900
2020-08-17 00:00:00-04:00,64.45999908447266,64.52999877929688,63.709999084472656,63.959999084472656,62.16281509399414,1785500
2020-08-18 00:00:00-04:00,63.849998474121094,64.4000015258789,63.375,63.45000076293945,61.66714859008789,1680200
2020-08-19 00:00:00-04:00,63.47999954223633,63.59000015258789,62.59000015258789,62.91999816894531,61.152034759521484,1549000
2020-08-20 00:00:00-04:00,62.15999984741211,63.25,61.810001373291016,62.970001220703125,61.39579391479492,1291500
2020-08-21 00:00:00-04:00,63.029998779296875,63.7400016784668,62.59000015258789,63.630001068115234,62.03929138183594,2649500
2020-08-24 00:00:00-04:00,63.61000061035156,64.2300033569336,63.040000915527344,63.79999923706055,62.205039978027344,3199900
2020-08-25 00:00:00-04:00,64.41000366210938,64.80999755859375,63.904998779296875,64.29000091552734,62.68279266357422,1604100
2020-08-26 00:00:00-04:00,64.27999877929688,64.79000091552734,63.74800109863281,64.18000030517578,62.57553482055664,1161900
2020-08-27 00:00:00-04:00,64.47000122070312,64.90499877929688,63.16999816894531,63.22999954223633,61.649288177490234,1341700
2020-08-28 00:00:00-04:00,63.27000045776367,63.630001068115234,62.650001525878906,63.59000015258789,62.00028991699219,1129900
2020-08-31 00:00:00-04:00,63.61000061035156,63.84000015258789,62.84000015258789,62.900001525878906,61.32753372192383,1736400
2020-09-01 00:00:00-04:00,62.52000045776367,64.27999877929688,62.32500076293945,64.05000305175781,62.448795318603516,2334100
2020-09-02 00:00:00-04:00,63.72999954223633,65.55999755859375,63.650001525878906,65.33999633789062,63.70654296875,1827200
2020-09-03 00:00:00-04:00,64.87999725341797,65.44999694824219,61.060001373291016,61.849998474121094,60.30378723144531,3096800
2020-09-04 00:00:00-04:00,62.5,62.599998474121094,60.43000030517578,61.4900016784668,59.95278549194336,2697000
2020-09-08 00:00:00-04:00,61.43000030517578,61.75,60.459999084472656,60.630001068115234,59.11428451538086,2137900
2020-09-09 00:00:00-04:00,61.029998779296875,62.529998779296875,61.0,62.08000183105469,60.528045654296875,1888500
2020-09-10 00:00:00-04:00,61.97999954223633,61.97999954223633,59.72999954223633,59.900001525878906,58.40254211425781,3828900
2020-09-11 00:00:00-04:00,60.2599983215332,60.709999084472656,59.775001525878906,60.13999938964844,58.636531829833984,2273400
2020-09-14 00:00:00-04:00,60.56999969482422,60.56999969482422,59.06700134277344,59.9900016784668,58.49028396606445,2420100
2020-09-15 00:00:00-04:00,60.029998779296875,61.619998931884766,60.029998779296875,60.29999923706055,58.79253387451172,1629400
2020-09-16 00:00:00-04:00,60.86000061035156,61.0099983215332,59.400001525878906,59.790000915527344,58.295291900634766,2457000
2020-09-17 00:00:00-04:00,58.75,61.09000015258789,58.040000915527344,61.040000915527344,59.514034271240234,2219900
2020-09-18 00:00:00-04:00,61.15999984741211,62.63999938964844,60.38999938964844,60.880001068115234,59.358036041259766,3806500
2020-09-21 00:00:00-04:00,60.0,60.220001220703125,58.66999816894531,59.40999984741211,57.92478561401367,2512100
2020-09-22 00:00:00-04:00,58.939998626708984,61.119998931884766,58.86000061035156,60.9900016784668,59.46529006958008,1841500
2020-09-23 00:00:00-04:00,60.77000045776367,61.77000045776367,60.20000076293945,60.40999984741211,58.899784088134766,1733700
2020-09-24 00:00:00-04:00,60.849998474121094,62.75,60.459999084472656,62.08000183105469,60.528045654296875,2374800
2020-09-25 00:00:00-04:00,61.61000061035156,62.349998474121094,61.189998626708984,61.54999923706055,60.01128387451172,1557600
2020-09-28 00:00:00-04:00,62.27000045776367,62.880001068115234,61.900001525878906,62.5099983215332,60.94728469848633,1233900
2020-09-29 00:00:00-04:00,62.41999816894531,62.7599983215332,61.880001068115234,62.40999984741211,60.84978485107422,1435400
2020-09-30 00:00:00-04:00,62.709999084472656,63.599998474121094,61.95000076293945,62.41999816894531,60.859535217285156,2494000
2020-10-01 00:00:00-04:00,62.869998931884766,64.22000122070312,61.7599983215332,62.369998931884766,60.810787200927734,2342500
2020-10-02 00:00:00-04:00,61.619998931884766,63.439998626708984,61.5099983215332,63.15999984741211,61.58103942871094,1447800
2020-10-05 00:00:00-04:00,63.7400016784668,64.62999725341797,63.23500061035156,64.54000091552734,62.926536560058594,1447700
2020-10-06 00:00:00-04:00,64.43000030517578,65.0,63.48500061035156,63.83000183105469,62.234291076660156,2107000
2020-10-07 00:00:00-04:00,64.62999725341797,65.62000274658203,64.375,65.05000305175781,63.42379379272461,1648100
2020-10-08 00:00:00-04:00,64.79000091552734,65.51000213623047,64.4800033569336,64.70999908447266,63.09229278564453,1213200
2020-10-09 00:00:00-04:00,65.0199966430664,65.66999816894531,64.30000305175781,65.3499984741211,63.7162971496582,1187000
2020-10-12 00:00:00-04:00,65.8499984741211,65.98500061035156,65.16999816894531,65.69000244140625,64.04778289794922,1185800
2020-10-13 00:00:00-04:00,65.16000366210938,65.80000305175781,64.61599731445312,65.12999725341797,63.50177764892578,1415900
2020-10-14 00:00:00-04:00,65.5,66.0,64.52999877929688,65.61000061035156,63.969791412353516,1633600
2020-10-15 00:00:00-04:00,64.66999816894531,65.43499755859375,64.01000213623047,65.19999694824219,63.57004165649414,982100
2020-10-16 00:00:00-04:00,65.30000305175781,65.80999755859375,64.80999755859375,65.02999877929688,63.40428924560547,1047500
2020-10-19 00:00:00-04:00,64.9000015258789,65.44000244140625,64.08000183105469,64.36000061035156,62.751041412353516,910500
2020-10-20 00:00:00-04:00,64.68000030517578,65.73999786376953,64.33999633789062,64.38999938964844,62.78029251098633,720000
2020-10-21 00:00:00-04:00,64.25,64.83000183105469,63.709999084472656,63.720001220703125,62.127037048339844,1082600
2020-10-22 00:00:00-04:00,63.9900016784668,63.9900016784668,62.97999954223633,63.2400016784668,61.65904235839844,4980300
2020-10-23 00:00:00-04:00,63.470001220703125,64.0199966430664,63.119998931884766,63.45000076293945,61.86378860473633,2308600
2020-10-26 00:00:00-04:00,63.84000015258789,63.88999938964844,61.369998931884766,63.209999084472656,61.629791259765625,3026000
2020-10-27 00:00:00-04:00,62.90999984741211,63.2400016784668,61.86000061035156,61.970001220703125,60.42078399658203,1973200
2020-10-28 00:00:00-04:00,61.0099983215332,61.2599983215332,58.77000045776367,58.9900016784668,57.515289306640625,2570900
2020-10-29 00:00:00-04:00,58.88999938964844,61.189998626708984,58.79999923706055,60.790000915527344,59.270286560058594,2122600
2020-10-30 00:00:00-04:00,60.349998474121094,61.29999923706055,59.79999923706055,61.279998779296875,59.74803924560547,2036100
2020-11-02 00:00:00-05:00,62.189998626708984,62.77000045776367,61.09000015258789,62.13999938964844,60.5865364074707,1819100
2020-11-03 00:00:00-05:00,62.93000030517578,63.849998474121094,62.08000183105469,62.709999084472656,61.14228439331055,1545600
2020-11-04 00:00:00-05:00,62.68000030517578,63.64500045776367,61.95000076293945,62.29999923706055,60.74253463745117,2042700
2020-11-05 00:00:00-05:00,63.31999969482422,63.95000076293945,62.59000015258789,62.630001068115234,61.06428527832031,1495700
2020-11-06 00:00:00-05:00,62.970001220703125,63.810001373291016,62.66999816894531,63.58000183105469,61.990543365478516,1145800
2020-11-09 00:00:00-05:00,67.0,67.29000091552734,63.43000030517578,63.5,61.91253662109375,2420100
2020-11-10 00:00:00-05:00,63.380001068115234,65.91799926757812,63.31999969482422,65.73999786376953,64.0965347290039,2174600
2020-11-11 00:00:00-05:00,65.86000061035156,66.33000183105469,64.73999786376953,66.12000274658203,64.467041015625,1319500
2020-11-12 00:00:00-05:00,66.18000030517578,66.45999908447266,65.41999816894531,65.98999786376953,64.34028625488281,1774700
2020-11-13 00:00:00-05:00,66.23999786376953,66.73999786376953,65.2300033569336,65.56999969482422,63.93079376220703,1438500
2020-11-16 00:00:00-05:00,66.22000122070312,67.63999938964844,65.68000030517578,67.38999938964844,65.7052993774414,2338900
2020-11-17 00:00:00-05:00,67.16000366210938,67.94999694824219,66.30500030517578,67.19999694824219,65.52003479003906,1465000
2020-11-18 00:00:00-05:00,67.30999755859375,67.9800033569336,66.51000213623047,66.62999725341797,64.96428680419922,2182800
2020-11-19 00:00:00-05:00,66.62999725341797,67.19000244140625,65.5999984741211,66.16000366210938,64.70024871826172,1809900
2020-11-20 00:00:00-05:00,66.08999633789062,66.73999786376953,66.0,66.31999969482422,64.85671997070312,1811200
2020-11-23 00:00:00-05:00,66.63999938964844,67.52999877929688,66.55000305175781,67.25,65.76618957519531,1885500
2020-11-24 00:00:00-05:00,68.04000091552734,68.04000091552734,66.87999725341797,67.4000015258789,65.91288757324219,4738800
2020-11-25 00:00:00-05:00,67.44000244140625,67.47000122070312,66.41999816894531,67.37999725341797,65.89331817626953,1125400
2020-11-27 00:00:00-05:00,67.55000305175781,68.20999908447266,66.9000015258789,67.33999633789062,65.85420227050781,1645000
2020-11-30 00:00:00-05:00,66.83999633789062,67.69999694824219,66.37999725341797,66.94000244140625,65.46304321289062,1831000
2020-12-01 00:00:00-05:00,67.41999816894531,68.16000366210938,66.7699966430664,66.83000183105469,65.35546875,2928100
2020-12-02 00:00:00-05:00,66.91999816894531,67.2699966430664,65.55999755859375,65.69000244140625,64.24061584472656,1379600
2020-12-03 00:00:00-05:00,65.7699966430664,66.8499984741211,65.36000061035156,65.48999786376953,64.04502868652344,1061900
2020-12-04 00:00:00-05:00,65.6500015258789,66.04299926757812,64.87999725341797,65.16000366210938,63.7223014831543,2054300
2020-12-07 00:00:00-05:00,64.9800033569336,65.30999755859375,64.01000213623047,64.8499984741211,63.41914367675781,1917600
2020-12-08 00:00:00-05:00,64.77999877929688,66.1500015258789,64.68000030517578,66.11000061035156,64.65135192871094,2641500
2020-12-09 00:00:00-05:00,65.75,66.20999908447266,65.19000244140625,65.48999786376953,64.04502868652344,1668600
2020-12-10 00:00:00-05:00,65.20999908447266,66.13999938964844,63.849998474121094,64.0,62.58790588378906,2056600
2020-12-11 00:00:00-05:00,63.33000183105469,63.880001068115234,62.95000076293945,63.72999954223633,62.32386016845703,2023900
2020-12-14 00:00:00-05:00,64.48999786376953,64.48999786376953,62.52000045776367,62.779998779296875,61.39481735229492,1377800
2020-12-15 00:00:00-05:00,63.11000061035156,65.58999633789062,62.959999084472656,64.7300033569336,63.30180358886719,2041100
2020-12-16 00:00:00-05:00,64.93000030517578,65.33000183105469,64.33999633789062,65.23999786376953,63.80054473876953,1760600
2020-12-17 00:00:00-05:00,65.75,66.31999969482422,65.5,65.79000091552734,64.33841705322266,1873700
2020-12-18 00:00:00-05:00,65.98999786376953,66.19999694824219,64.54000091552734,65.61000061035156,64.1623764038086,4028700
2020-12-21 00:00:00-05:00,64.94000244140625,66.4800033569336,64.5999984741211,66.1500015258789,64.69047546386719,2201300
2020-12-22 00:00:00-05:00,65.83999633789062,65.98999786376953,65.09500122070312,65.41000366210938,63.966800689697266,1151500
2020-12-23 00:00:00-05:00,65.48999786376953,66.23999786376953,65.30000305175781,65.62999725341797,64.18193054199219,972500
2020-12-24 00:00:00-05:00,65.44999694824219,65.9800033569336,65.29000091552734,65.79000091552734,64.33841705322266,992100
2020-12-28 00:00:00-05:00,66.18000030517578,66.5999984741211,65.54000091552734,66.0,64.54377746582031,786400
2020-12-29 00:00:00-05:00,66.30999755859375,66.5999984741211,65.12999725341797,65.69000244140625,64.24061584472656,1008400
2020-12-30 00:00:00-05:00,65.79000091552734,66.83000183105469,65.79000091552734,66.72000122070312,65.24789428710938,1082200
2020-12-31 00:00:00-05:00,66.86000061035156,67.69000244140625,66.56999969482422,67.55000305175781,66.0595703125,1238200
2021-01-04 00:00:00-05:00,67.55000305175781,68.0199966430664,65.55000305175781,65.58999633789062,64.14281463623047,2569600
2021-01-05 00:00:00-05:00,65.81999969482422,66.41999816894531,64.75900268554688,65.0999984741211,63.66364288330078,1366100
2021-01-06 00:00:00-05:00,65.81999969482422,67.33000183105469,65.25,66.91000366210938,65.43370819091797,1596000
2021-01-07 00:00:00-05:00,67.30000305175781,67.95500183105469,66.84500122070312,67.77999877929688,66.28450775146484,1542500
2021-01-08 00:00:00-05:00,67.47000122070312,67.97000122070312,65.8499984741211,66.83000183105469,65.35546875,1914000
2021-01-11 00:00:00-05:00,66.22000122070312,66.79000091552734,65.80999755859375,66.36000061035156,64.89583587646484,1506200
2021-01-12 00:00:00-05:00,66.2699966430664,66.80000305175781,65.06999969482422,65.2300033569336,63.7907600402832,1722000
2021-01-13 00:00:00-05:00,65.19000244140625,65.53500366210938,63.849998474121094,63.970001220703125,62.558570861816406,3172600
2021-01-14 00:00:00-05:00,64.19999694824219,65.37000274658203,63.79999923706055,64.94000244140625,63.507171630859375,3088300
2021-01-15 00:00:00-05:00,64.80999755859375,65.69000244140625,63.5099983215332,65.52999877929688,64.08414459228516,1841100
2021-01-19 00:00:00-05:00,66.0,66.44999694824219,64.91999816894531,65.37000274658203,63.92768096923828,2489200
2021-01-20 00:00:00-05:00,65.80000305175781,66.5,64.88999938964844,65.19000244140625,63.75164794921875,1737200
2021-01-21 00:00:00-05:00,65.23999786376953,65.23999786376953,63.45000076293945,63.52000045776367,62.118492126464844,3945600
2021-01-22 00:00:00-05:00,63.52000045776367,65.20999908447266,63.20000076293945,64.87999725341797,63.448490142822266,3546500
2021-01-25 00:00:00-05:00,64.0,64.61000061035156,62.0,64.22000122070312,62.80305480957031,4500200
2021-01-26 00:00:00-05:00,64.5999984741211,65.08999633789062,62.27000045776367,63.5099983215332,62.10871505737305,2742100
2021-01-27 00:00:00-05:00,62.68000030517578,63.0099983215332,61.279998779296875,62.2400016784668,60.866737365722656,3241300
2021-01-28 00:00:00-05:00,62.599998474121094,64.81999969482422,62.33000183105469,63.83000183105469,62.421653747558594,3235000
2021-01-29 00:00:00-05:00,65.11000061035156,65.98999786376953,63.45000076293945,64.6500015258789,63.22356414794922,10353200
2021-02-01 00:00:00-05:00,65.98999786376953,66.01000213623047,63.0,64.55000305175781,63.12576675415039,3731500
2021-02-02 00:00:00-05:00,65.05000305175781,66.77999877929688,64.5,64.63999938964844,63.213783264160156,4327800
2021-02-03 00:00:00-05:00,64.63999938964844,64.87000274658203,62.95000076293945,64.05000305175781,62.63680648803711,3542100
2021-02-04 00:00:00-05:00,63.88999938964844,64.12999725341797,63.0,63.290000915527344,61.89357376098633,2303900
2021-02-05 00:00:00-05:00,62.7400016784668,64.19999694824219,62.630001068115234,63.93000030517578,62.519447326660156,3697900
2021-02-08 00:00:00-05:00,63.75,64.52999877929688,63.150001525878906,63.72999954223633,62.32386016845703,1787100
2021-02-09 00:00:00-05:00,63.540000915527344,64.59300231933594,63.209999084472656,64.36000061035156,62.93996047973633,2819100
2021-02-10 00:00:00-05:00,64.94000244140625,65.9000015258789,64.5999984741211,65.30999755859375,63.86899948120117,1934100
2021-02-11 00:00:00-05:00,65.04000091552734,65.20600128173828,62.8849983215332,63.43000030517578,62.22101974487305,4298900
2021-02-12 00:00:00-05:00,62.88999938964844,64.54000091552734,62.88999938964844,63.93000030517578,62.71149444580078,2021600
2021-02-16 00:00:00-05:00,64.30999755859375,64.33999633789062,62.58000183105469,63.189998626708984,61.985595703125,3228400
2021-02-17 00:00:00-05:00,63.310001373291016,63.369998931884766,62.61899948120117,62.689998626708984,61.49512481689453,2178600
2021-02-18 00:00:00-05:00,62.459999084472656,63.58000183105469,62.310001373291016,63.060001373291016,61.85807418823242,2258400
2021-02-19 00:00:00-05:00,63.31999969482422,63.45500183105469,62.939998626708984,63.040000915527344,61.83845520019531,3852700
2021-02-22 00:00:00-05:00,62.849998474121094,63.595001220703125,62.52000045776367,63.22999954223633,62.02483367919922,2560000
2021-02-23 00:00:00-05:00,62.84000015258789,63.56999969482422,62.560001373291016,63.22999954223633,62.02483367919922,2571200
2021-02-24 00:00:00-05:00,63.09000015258789,64.41000366210938,63.029998779296875,64.3499984741211,63.12348556518555,2257300
2021-02-25 00:00:00-05:00,64.27999877929688,64.91000366210938,64.01000213623047,64.45999908447266,63.23139190673828,2431700
2021-02-26 00:00:00-05:00,64.88999938964844,64.88999938964844,63.59000015258789,63.709999084472656,62.49568557739258,3278300
2021-03-01 00:00:00-05:00,64.12000274658203,65.75,64.06999969482422,64.93000030517578,63.69243621826172,1896000
2021-03-02 00:00:00-05:00,64.7300033569336,65.84500122070312,64.33000183105469,65.41000366210938,64.16328430175781,2657500
2021-03-03 00:00:00-05:00,65.51000213623047,67.6500015258789,65.06999969482422,67.0,65.72297668457031,3210800
2021-03-04 00:00:00-05:00,66.83000183105469,66.9000015258789,63.34000015258789,63.95000076293945,62.731109619140625,3634400
2021-03-05 00:00:00-05:00,64.5199966430664,65.11000061035156,62.7599983215332,64.87000274658203,63.633575439453125,2168000
2021-03-08 00:00:00-05:00,64.97000122070312,66.33000183105469,64.58999633789062,65.22000122070312,63.976905822753906,1636700
2021-03-09 00:00:00-05:00,65.69000244140625,66.6500015258789,64.91999816894531,64.93000030517578,63.69243621826172,2547300
2021-03-10 00:00:00-05:00,64.66999816894531,66.49500274658203,64.61000061035156,66.25,64.98726654052734,1814900
2021-03-11 00:00:00-05:00,66.0999984741211,67.63999938964844,65.88999938964844,67.30000305175781,66.01726531982422,2214700
2021-03-12 00:00:00-05:00,67.6500015258789,67.6500015258789,65.98999786376953,66.0,64.7420425415039,1938200
2021-03-15 00:00:00-04:00,65.94000244140625,66.63999938964844,65.51499938964844,66.61000061035156,65.34040832519531,1495700
2021-03-16 00:00:00-04:00,67.12000274658203,67.97000122070312,66.58000183105469,67.69999694824219,66.40962982177734,2371800
2021-03-17 00:00:00-04:00,67.98999786376953,68.6500015258789,67.36000061035156,68.58000183105469,67.27286529541016,1729500
2021-03-18 00:00:00-04:00,68.1500015258789,68.63999938964844,67.45999908447266,68.1500015258789,66.85105895996094,2752800
2021-03-19 00:00:00-04:00,67.88999938964844,67.88999938964844,66.5199966430664,66.86000061035156,65.58564758300781,3149000
2021-03-22 00:00:00-04:00,66.80999755859375,66.94000244140625,65.63999938964844,66.81999969482422,65.5464096069336,1391500
2021-03-23 00:00:00-04:00,66.41999816894531,67.70999908447266,66.19999694824219,66.95999908447266,65.68374633789062,1364500
2021-03-24 00:00:00-04:00,66.87999725341797,67.95999908447266,66.87999725341797,67.16999816894531,65.88973999023438,1378000
2021-03-25 00:00:00-04:00,67.41000366210938,68.13999938964844,66.76000213623047,67.86000061035156,66.56658935546875,1738900
2021-03-26 00:00:00-04:00,68.16000366210938,69.37999725341797,67.62000274658203,69.04000091552734,67.7240982055664,1989400
2021-03-29 00:00:00-04:00,69.83000183105469,70.66999816894531,69.5,69.91000366210938,68.57750701904297,2038300
2021-03-30 00:00:00-04:00,70.06999969482422,70.48999786376953,69.41999816894531,69.73999786376953,68.41075134277344,2604800
2021-03-31 00:00:00-04:00,70.0199966430664,70.0199966430664,68.2699966430664,68.44999694824219,67.14533996582031,3783100
2021-04-01 00:00:00-04:00,68.88999938964844,69.63999938964844,68.31999969482422,69.26000213623047,67.93990325927734,1579200
2021-04-05 00:00:00-04:00,69.08000183105469,69.69999694824219,68.91999816894531,69.2300033569336,67.91047668457031,1126600
2021-04-06 00:00:00-04:00,69.5,70.46499633789062,68.88999938964844,69.72000122070312,68.3911361694336,1972800
2021-04-07 00:00:00-04:00,69.86000061035156,70.2699966430664,69.41000366210938,69.62999725341797,68.30284118652344,7225700
2021-04-08 00:00:00-04:00,69.48999786376953,69.6449966430664,68.91999816894531,69.41000366210938,68.0870590209961,1881700
2021-04-09 00:00:00-04:00,69.68000030517578,70.94999694824219,69.44999694824219,70.75,69.4014892578125,3557700
2021-04-12 00:00:00-04:00,70.62000274658203,71.1050033569336,70.31999969482422,70.6500015258789,69.30340576171875,1986000
2021-04-13 00:00:00-04:00,70.44999694824219,71.23500061035156,70.19200134277344,71.12000274658203,69.76445007324219,1513400
2021-04-14 00:00:00-04:00,71.0,71.07499694824219,70.05999755859375,70.4000015258789,69.05817413330078,3099700
2021-04-15 00:00:00-04:00,70.63999938964844,71.23999786376953,70.11000061035156,70.97000122070312,69.6173095703125,1495600
2021-04-16 00:00:00-04:00,71.41000366210938,71.41000366210938,69.8499984741211,70.58000183105469,69.23474884033203,2548500
2021-04-19 00:00:00-04:00,70.70999908447266,71.38500213623047,70.3499984741211,71.02999877929688,69.67616271972656,2641300
2021-04-20 00:00:00-04:00,71.63999938964844,71.69000244140625,70.33000183105469,70.47000122070312,69.1268310546875,3682300
2021-04-21 00:00:00-04:00,70.44999694824219,71.08000183105469,69.83000183105469,71.04000091552734,69.68597412109375,3080300
2021-04-22 00:00:00-04:00,71.2300033569336,71.75,70.61000061035156,70.94999694824219,69.5976791381836,2415600
2021-04-23 00:00:00-04:00,71.06999969482422,71.9800033569336,70.73999786376953,71.27999877929688,69.92139434814453,2574700
2021-04-26 00:00:00-04:00,76.44000244140625,76.87999725341797,74.55000305175781,76.2699966430664,74.81629180908203,6077800
2021-04-27 00:00:00-04:00,76.5,79.26000213623047,76.12000274658203,79.0,77.4942626953125,6143800
2021-04-28 00:00:00-04:00,79.18000030517578,79.5,77.98999786376953,78.0,76.51332092285156,3492300
2021-04-29 00:00:00-04:00,78.0199966430664,79.12000274658203,78.0199966430664,78.69000244140625,77.19015502929688,2492200
2021-04-30 00:00:00-04:00,78.25,78.66999816894531,77.55000305175781,77.87000274658203,76.38578796386719,3659500
2021-05-03 00:00:00-04:00,78.48999786376953,79.0999984741211,77.91000366210938,78.4000015258789,76.90570068359375,2739900
2021-05-04 00:00:00-04:00,78.37999725341797,79.55999755859375,78.37999725341797,78.72000122070312,77.21958923339844,3402100
2021-05-05 00:00:00-04:00,78.88999938964844,79.23999786376953,77.76000213623047,78.05999755859375,76.57218170166016,2075500
2021-05-06 00:00:00-04:00,78.43000030517578,78.87899780273438,77.69999694824219,78.36000061035156,76.866455078125,2983500
2021-05-07 00:00:00-04:00,78.08000183105469,78.94999694824219,77.91000366210938,78.19000244140625,76.69970703125,2780700
2021-05-10 00:00:00-04:00,78.66999816894531,79.0999984741211,78.02999877929688,78.25,76.75855255126953,4867400
2021-05-11 00:00:00-04:00,77.79000091552734,78.11000061035156,76.8499984741211,77.62000274658203,76.14056396484375,2939200
2021-05-12 00:00:00-04:00,77.76000213623047,77.95999908447266,76.11000061035156,76.12999725341797,74.678955078125,2392700
2021-05-13 00:00:00-04:00,75.98999786376953,77.5250015258789,75.81999969482422,77.1500015258789,75.67952728271484,2658300
2021-05-14 00:00:00-04:00,77.6500015258789,79.44000244140625,77.41000366210938,78.87999725341797,77.37654113769531,3255300
2021-05-17 00:00:00-04:00,78.7300033569336,79.18000030517578,78.0999984741211,79.01000213623047,77.50406646728516,2234000
2021-05-18 00:00:00-04:00,79.55000305175781,79.69000244140625,78.56999969482422,78.5999984741211,77.10187530517578,2941000
2021-05-19 00:00:00-04:00,77.94000244140625,78.0,77.02999877929688,77.47000122070312,75.99341583251953,5465700
2021-05-20 00:00:00-04:00,77.12000274658203,77.86000061035156,76.86000061035156,77.36000061035156,76.121337890625,6751500
2021-05-21 00:00:00-04:00,77.62000274658203,78.30000305175781,77.27999877929688,77.56999969482422,76.3279800415039,2245000
2021-05-24 00:00:00-04:00,77.5999984741211,78.33000183105469,77.20999908447266,78.12999725341797,76.8790054321289,1547500
2021-05-25 00:00:00-04:00,78.27999877929688,78.61000061035156,77.66000366210938,77.69000244140625,76.44605255126953,2288600
2021-05-26 00:00:00-04:00,77.7699966430664,78.2300033569336,77.55000305175781,77.7699966430664,76.52476501464844,1890100
2021-05-27 00:00:00-04:00,78.1500015258789,79.08999633789062,77.69000244140625,78.70999908447266,77.44971466064453,2818900
2021-05-28 00:00:00-04:00,78.4800033569336,78.70999908447266,77.83000183105469,78.33000183105469,77.0758056640625,1915000
2021-06-01 00:00:00-04:00,79.16999816894531,79.83000183105469,78.2750015258789,78.41000366210938,77.15452575683594,2207600
2021-06-02 00:00:00-04:00,78.41999816894531,78.76000213623047,77.7699966430664,78.2699966430664,77.01676940917969,1898600
2021-06-03 00:00:00-04:00,78.25,79.43000030517578,77.66999816894531,79.13999938964844,77.87284088134766,1949900
2021-06-04 00:00:00-04:00,79.25,79.91999816894531,79.22000122070312,79.87000274658203,78.59114837646484,1644000
2021-06-07 00:00:00-04:00,80.4000015258789,80.80500030517578,79.47000122070312,79.61000061035156,78.33531188964844,1723600
2021-06-08 00:00:00-04:00,79.76000213623047,80.94999694824219,79.375,80.8499984741211,79.55546569824219,2647600
2021-06-09 00:00:00-04:00,80.79000091552734,81.18000030517578,80.33000183105469,80.75,79.45706176757812,1947300
2021-06-10 00:00:00-04:00,81.05000305175781,81.55999755859375,79.79000091552734,80.41999816894531,79.13233184814453,1753200
2021-06-11 00:00:00-04:00,80.8499984741211,80.98999786376953,79.69999694824219,80.54000091552734,79.25041198730469,1527800
2021-06-14 00:00:00-04:00,80.56999969482422,80.80000305175781,80.12999725341797,80.80000305175781,79.50626373291016,1232700
2021-06-15 00:00:00-04:00,80.97000122070312,81.2699966430664,80.4229965209961,80.98999786376953,79.69320678710938,1341500
2021-06-16 00:00:00-04:00,81.01000213623047,81.30999755859375,80.29000091552734,80.62999725341797,79.33898162841797,2578100
2021-06-17 00:00:00-04:00,80.91999816894531,81.19000244140625,79.44499969482422,80.47000122070312,79.18153381347656,3734700
2021-06-18 00:00:00-04:00,79.76000213623047,80.16999816894531,78.92500305175781,79.5,78.22706604003906,4490800
2021-06-21 00:00:00-04:00,80.08999633789062,81.0999984741211,79.66999816894531,81.04000091552734,79.7424087524414,2582700
2021-06-22 00:00:00-04:00,81.04000091552734,81.80999755859375,80.75,81.37000274658203,80.06713104248047,1757800
2021-06-23 00:00:00-04:00,81.63999938964844,81.66000366210938,80.73999786376953,80.81999969482422,79.52593994140625,1276400
2021-06-24 00:00:00-04:00,80.88999938964844,81.69999694824219,80.69000244140625,81.37000274658203,80.06713104248047,1679100
2021-06-25 00:00:00-04:00,81.51000213623047,81.91000366210938,81.27999877929688,81.6500015258789,80.34264373779297,2532100
2021-06-28 00:00:00-04:00,81.5999984741211,81.75,80.73999786376953,81.66000366210938,80.35249328613281,1940000
2021-06-29 00:00:00-04:00,81.69000244140625,82.47000122070312,81.58000183105469,82.08000183105469,80.76576232910156,1844000
2021-06-30 00:00:00-04:00,81.8499984741211,82.41000366210938,81.2300033569336,81.7699966430664,80.4607162475586,1981700
2021-07-01 00:00:00-04:00,82.19000244140625,82.38999938964844,81.69999694824219,82.08000183105469,80.76576232910156,1576100
2021-07-02 00:00:00-04:00,82.19000244140625,82.94000244140625,81.8499984741211,82.66000366210938,81.33647155761719,1113100
2021-07-06 00:00:00-04:00,82.2699966430664,82.56999969482422,81.69999694824219,82.25,80.93302917480469,1570300
2021-07-07 00:00:00-04:00,82.86000061035156,84.6500015258789,82.31999969482422,84.08000183105469,82.73374938964844,1645300
2021-07-08 00:00:00-04:00,82.91999816894531,83.93000030517578,82.45999908447266,83.08999633789062,81.75957489013672,1478100
2021-07-09 00:00:00-04:00,83.83999633789062,84.01000213623047,83.2300033569336,83.81999969482422,82.47789764404297,1073300
2021-07-12 00:00:00-04:00,83.47000122070312,83.88999938964844,83.23999786376953,83.81999969482422,82.47789764404297,1506700
2021-07-13 00:00:00-04:00,84.01000213623047,84.38999938964844,83.30000305175781,83.52999877929688,82.19254302978516,1683000
2021-07-14 00:00:00-04:00,83.4000015258789,84.98200225830078,83.4000015258789,84.77999877929688,83.42252349853516,1772100
2021-07-15 00:00:00-04:00,84.5,85.41999816894531,84.5,85.2300033569336,83.86532592773438,1769100
2021-07-16 00:00:00-04:00,85.06999969482422,85.55000305175781,84.87000274658203,84.91999816894531,83.56028747558594,1654800
2021-07-19 00:00:00-04:00,84.30999755859375,84.41000366210938,83.0199966430664,84.05999755859375,82.71405792236328,2534100
2021-07-20 00:00:00-04:00,84.44999694824219,86.29000091552734,84.13999938964844,86.0999984741211,84.72138977050781,1839200
2021-07-21 00:00:00-04:00,86.25,86.91000366210938,86.14800262451172,86.80999755859375,85.42002868652344,1447700
2021-07-22 00:00:00-04:00,87.0,87.6500015258789,86.62000274658203,87.33000183105469,85.93169403076172,2123200
2021-07-23 00:00:00-04:00,88.08000183105469,88.81800079345703,87.6500015258789,88.5199966430664,87.10265350341797,1648700
2021-07-26 00:00:00-04:00,89.94000244140625,90.19999694824219,86.8499984741211,89.05999755859375,87.63400268554688,3098600
2021-07-27 00:00:00-04:00,89.0250015258789,89.15599822998047,87.5199966430664,88.22000122070312,86.80744934082031,1701900
2021-07-28 00:00:00-04:00,88.0199966430664,88.44000244140625,87.2699966430664,87.93000030517578,86.5220947265625,1670200
2021-07-29 00:00:00-04:00,88.3499984741211,88.94000244140625,87.87000274658203,88.87000274658203,87.4470443725586,2009900
2021-07-30 00:00:00-04:00,88.83999633789062,89.79000091552734,88.69000244140625,89.55000305175781,88.11615753173828,1545200
2021-08-02 00:00:00-04:00,89.68000030517578,90.66999816894531,89.68000030517578,89.93000030517578,88.49006652832031,1441000
2021-08-03 00:00:00-04:00,90.11000061035156,91.81999969482422,90.0999984741211,91.27999877929688,89.8184585571289,1683700
2021-08-04 00:00:00-04:00,91.0,91.66999816894531,90.56999969482422,90.80000305175781,89.34613800048828,1214800
2021-08-05 00:00:00-04:00,91.1500015258789,91.41000366210938,90.02999877929688,90.7300033569336,89.27725982666016,1547000
2021-08-06 00:00:00-04:00,91.02999877929688,91.31999969482422,89.95999908447266,90.13999938964844,88.69671630859375,1938600
2021-08-09 00:00:00-04:00,89.81999969482422,90.05999755859375,88.94000244140625,89.7300033569336,88.29327392578125,1867200
2021-08-10 00:00:00-04:00,89.88999938964844,90.55999755859375,89.38999938964844,89.87000274658203,88.43103790283203,1269500
2021-08-11 00:00:00-04:00,89.91000366210938,90.54000091552734,89.80999755859375,90.43000030517578,88.98206329345703,1539600
2021-08-12 00:00:00-04:00,90.43000030517578,90.43000030517578,89.55999755859375,90.19999694824219,88.7557373046875,1344100
2021-08-13 00:00:00-04:00,90.26000213623047,91.02999877929688,90.0999984741211,90.66000366210938,89.20838165283203,2823900
2021-08-16 00:00:00-04:00,90.75,92.0999984741211,90.45999908447266,91.9000015258789,90.42852020263672,2660100
2021-08-17 00:00:00-04:00,91.43000030517578,91.75,90.16999816894531,90.73999786376953,89.2870864868164,1821700
2021-08-18 00:00:00-04:00,90.47000122070312,91.72000122070312,90.30000305175781,90.5,89.05094146728516,2377400
2021-08-19 00:00:00-04:00,89.56999969482422,90.88999938964844,89.30999755859375,90.19999694824219,88.99173736572266,1343500
2021-08-20 00:00:00-04:00,89.83000183105469,90.41000366210938,89.47000122070312,90.0199966430664,88.81415557861328,3291500
2021-08-23 00:00:00-04:00,90.54000091552734,90.98999786376953,89.86000061035156,89.91999816894531,88.71549224853516,2037500
2021-08-24 00:00:00-04:00,89.86000061035156,90.76000213623047,89.65499877929688,90.37000274658203,89.15946960449219,2585500
2021-08-25 00:00:00-04:00,90.7699966430664,91.47000122070312,90.62000274658203,91.12999725341797,89.90928649902344,2034500
2021-08-26 00:00:00-04:00,90.91999816894531,92.0,90.91000366210938,91.80999755859375,90.5801773071289,1527800
2021-08-27 00:00:00-04:00,92.11000061035156,92.67900085449219,91.76000213623047,92.01000213623047,90.77750396728516,1195500
2021-08-30 00:00:00-04:00,92.01000213623047,92.83999633789062,91.7750015258789,92.37000274658203,91.13268280029297,867900
2021-08-31 00:00:00-04:00,92.37000274658203,92.6449966430664,91.86000061035156,92.22000122070312,90.98468017578125,2124700
2021-09-01 00:00:00-04:00,92.19000244140625,92.19999694824219,90.95500183105469,91.5,90.27433013916016,1711600
2021-09-02 00:00:00-04:00,91.9000015258789,92.45999908447266,91.6500015258789,92.05999755859375,90.82683563232422,1547000
2021-09-03 00:00:00-04:00,91.88999938964844,92.45500183105469,91.58000183105469,91.81999969482422,90.59004211425781,1313400
2021-09-07 00:00:00-04:00,91.56999969482422,91.56999969482422,89.26000213623047,89.37999725341797,88.18272399902344,2056300
2021-09-08 00:00:00-04:00,89.12999725341797,91.05999755859375,89.04199981689453,90.72000122070312,89.50477600097656,2312400
2021-09-09 00:00:00-04:00,90.83999633789062,91.26000213623047,90.12000274658203,90.4800033569336,89.26799774169922,1610300
2021-09-10 00:00:00-04:00,91.02999877929688,91.23999786376953,90.19999694824219,90.55000305175781,89.3370590209961,1494900
2021-09-13 00:00:00-04:00,91.33000183105469,91.70999908447266,89.40499877929688,89.94999694824219,88.74508666992188,2013200
2021-09-14 00:00:00-04:00,90.20999908447266,90.83000183105469,89.26499938964844,90.36000061035156,89.14960479736328,2113700
2021-09-15 00:00:00-04:00,90.58000183105469,90.58000183105469,89.45999908447266,90.3499984741211,89.13973999023438,2868600
2021-09-16 00:00:00-04:00,90.3499984741211,90.3499984741211,87.625,88.19999694824219,87.0185317993164,3171200
2021-09-17 00:00:00-04:00,87.26000213623047,87.44999694824219,84.88999938964844,85.0199966430664,83.88113403320312,11037500
2021-09-20 00:00:00-04:00,84.0,84.4000015258789,82.2699966430664,83.18000030517578,82.06578063964844,4458100
2021-09-21 00:00:00-04:00,83.31999969482422,84.12000274658203,81.93000030517578,82.0,80.9015884399414,4208800
2021-09-22 00:00:00-04:00,83.86000061035156,85.55000305175781,83.12000274658203,84.29000091552734,83.16091918945312,3488600
2021-09-23 00:00:00-04:00,84.52999877929688,86.80999755859375,84.02999877929688,85.73999786376953,84.59148406982422,4250200
2021-09-24 00:00:00-04:00,85.41999816894531,86.1449966430664,84.55999755859375,84.86000061035156,83.72327423095703,1874200
2021-09-27 00:00:00-04:00,84.55000305175781,85.13500213623047,84.05000305175781,84.2300033569336,83.10171508789062,1614400
2021-09-28 00:00:00-04:00,83.56999969482422,84.15599822998047,82.72000122070312,83.70999908447266,82.58868408203125,2440600
2021-09-29 00:00:00-04:00,83.9000015258789,84.38999938964844,83.11000061035156,83.31999969482422,82.20390319824219,1784600
2021-09-30 00:00:00-04:00,83.87999725341797,84.08000183105469,82.2699966430664,82.27999877929688,81.1778335571289,2354800
2021-10-01 00:00:00-04:00,82.66000366210938,83.0,81.05000305175781,82.5,81.3948974609375,2530400
2021-10-04 00:00:00-04:00,82.11000061035156,83.125,81.58000183105469,81.91000366210938,80.81278991699219,2474600
2021-10-05 00:00:00-04:00,82.27999877929688,83.74500274658203,81.8499984741211,83.36000061035156,82.24337005615234,2080900
2021-10-06 00:00:00-04:00,82.79000091552734,83.5,81.20999908447266,82.87000274658203,81.75993347167969,1916800
2021-10-07 00:00:00-04:00,83.94000244140625,85.11000061035156,83.77999877929688,84.37999725341797,83.24970245361328,2487900
2021-10-08 00:00:00-04:00,83.91000366210938,84.38500213623047,82.6500015258789,83.44999694824219,82.33216094970703,1942600
2021-10-11 00:00:00-04:00,83.2300033569336,83.5,81.55999755859375,81.62000274658203,80.52667999267578,2134100
2021-10-12 00:00:00-04:00,81.80999755859375,82.18499755859375,81.27999877929688,81.94000244140625,80.84239196777344,2368900
2021-10-13 00:00:00-04:00,82.23999786376953,82.29000091552734,81.08000183105469,81.27999877929688,80.19122314453125,1519300
2021-10-14 00:00:00-04:00,81.95999908447266,83.48999786376953,81.94999694824219,83.41000366210938,82.29270935058594,2166500
2021-10-15 00:00:00-04:00,83.91999816894531,84.69000244140625,83.48999786376953,84.0999984741211,82.97345733642578,1681400
2021-10-18 00:00:00-04:00,83.66000366210938,83.86900329589844,82.9729995727539,83.31999969482422,82.20390319824219,1452300
2021-10-19 00:00:00-04:00,84.0,84.73999786376953,83.7699966430664,84.41999816894531,83.28916931152344,1388000
2021-10-20 00:00:00-04:00,84.62999725341797,86.45999908447266,84.2300033569336,85.45999908447266,84.31523895263672,2339900
2021-10-21 00:00:00-04:00,84.18000030517578,85.38999938964844,83.48999786376953,85.3499984741211,84.20670318603516,1917700
2021-10-22 00:00:00-04:00,85.86000061035156,86.70999908447266,85.41000366210938,85.62999725341797,84.48295593261719,2678500
2021-10-25 00:00:00-04:00,81.08999633789062,83.94999694824219,81.08999633789062,81.86000061035156,80.76345825195312,3623700
2021-10-26 00:00:00-04:00,82.33499908447266,82.5999984741211,79.76000213623047,80.2699966430664,79.19475555419922,3657600
2021-10-27 00:00:00-04:00,80.66999816894531,80.83000183105469,79.48999786376953,79.72000122070312,78.65213012695312,2896600
2021-10-28 00:00:00-04:00,79.5999984741211,80.16000366210938,78.5999984741211,79.91999816894531,78.84944915771484,2435300
2021-10-29 00:00:00-04:00,79.55999755859375,81.4800033569336,79.54000091552734,80.30999755859375,79.23422241210938,2870500
2021-11-01 00:00:00-04:00,80.45999908447266,81.16000366210938,80.12999725341797,80.91999816894531,79.83605194091797,1846100
2021-11-02 00:00:00-04:00,81.33000183105469,81.44999694824219,80.1500015258789,81.11000061035156,80.02350616455078,1465500
2021-11-03 00:00:00-04:00,81.27999877929688,81.81999969482422,79.61499786376953,80.61000061035156,79.53020477294922,2306700
2021-11-04 00:00:00-04:00,80.94000244140625,81.86000061035156,80.79000091552734,81.83999633789062,80.74372863769531,1943200
2021-11-05 00:00:00-04:00,82.12999725341797,82.70999908447266,81.55999755859375,81.70999908447266,80.61547088623047,1500900
2021-11-08 00:00:00-05:00,82.11000061035156,82.38899993896484,81.39299774169922,82.23999786376953,81.13836669921875,2422400
2021-11-09 00:00:00-05:00,82.4000015258789,83.66999816894531,82.06999969482422,83.54000091552734,82.42095947265625,3078900
2021-11-10 00:00:00-05:00,83.94999694824219,84.44999694824219,83.19000244140625,83.36000061035156,82.24337005615234,2986300
2021-11-11 00:00:00-05:00,83.44999694824219,83.69999694824219,82.7699966430664,83.4000015258789,82.28282928466797,1743500
2021-11-12 00:00:00-05:00,83.94000244140625,85.6500015258789,83.30999755859375,85.62999725341797,84.48295593261719,1737600
2021-11-15 00:00:00-05:00,85.5,85.58999633789062,83.93699645996094,84.16000366210938,83.03266143798828,1319100
2021-11-16 00:00:00-05:00,84.55999755859375,84.98999786376953,84.22000122070312,84.5199966430664,83.38782501220703,1532800
2021-11-17 00:00:00-05:00,84.36000061035156,86.04499816894531,84.09500122070312,85.56999969482422,84.42375946044922,2657800
2021-11-18 00:00:00-05:00,84.79000091552734,86.41999816894531,84.68000030517578,86.2300033569336,85.31420135498047,2586400
2021-11-19 00:00:00-05:00,86.44000244140625,87.83000183105469,86.06999969482422,86.26000213623047,85.34388732910156,2901700
2021-11-22 00:00:00-05:00,86.25,86.38999938964844,83.87000274658203,84.19999694824219,83.3057632446289,1770400
2021-11-23 00:00:00-05:00,84.0,84.375,83.5199966430664,83.80999755859375,82.91990661621094,1683000
2021-11-24 00:00:00-05:00,83.6500015258789,84.55000305175781,82.87000274658203,84.45999908447266,83.56300354003906,1024700
2021-11-26 00:00:00-05:00,82.93000030517578,84.2300033569336,82.5,83.19000244140625,82.3064956665039,1170100
2021-11-29 00:00:00-05:00,84.11000061035156,84.33999633789062,82.98999786376953,83.58000183105469,82.69235229492188,1934300
2021-11-30 00:00:00-05:00,83.08000183105469,83.58000183105469,80.1500015258789,80.4000015258789,79.5461196899414,2602300
2021-12-01 00:00:00-05:00,81.69999694824219,83.33999633789062,80.41999816894531,80.44999694824219,79.59558868408203,2247400
2021-12-02 00:00:00-05:00,80.86000061035156,83.06900024414062,80.8550033569336,82.8499984741211,81.97010040283203,2224700
2021-12-03 00:00:00-05:00,83.3499984741211,83.5999984741211,81.91999816894531,82.80000305175781,81.92063903808594,2236400
2021-12-06 00:00:00-05:00,83.4000015258789,84.48999786376953,82.68000030517578,84.01000213623047,83.1177749633789,2046200
2021-12-07 00:00:00-05:00,85.13999938964844,86.26000213623047,84.72000122070312,85.69999694824219,84.78982543945312,2093000
2021-12-08 00:00:00-05:00,85.6500015258789,86.51599884033203,84.69999694824219,86.20999908447266,85.29441833496094,2923600
2021-12-09 00:00:00-05:00,86.04000091552734,86.61000061035156,85.16999816894531,86.19000244140625,85.27462768554688,2406900
2021-12-10 00:00:00-05:00,86.31999969482422,86.56999969482422,85.79499816894531,86.08000183105469,85.16580200195312,2379000
2021-12-13 00:00:00-05:00,86.25,86.63999938964844,84.80000305175781,85.37999725341797,84.47322845458984,2502400
2021-12-14 00:00:00-05:00,85.06999969482422,85.4000015258789,84.07499694824219,84.80999755859375,83.9092788696289,2178600
2021-12-15 00:00:00-05:00,85.05000305175781,85.38500213623047,83.48100280761719,84.91999816894531,84.01811981201172,2011900
2021-12-16 00:00:00-05:00,85.70999908447266,86.86499786376953,85.20999908447266,86.51000213623047,85.59123229980469,3345100
2021-12-17 00:00:00-05:00,85.43000030517578,86.66999816894531,84.0199966430664,84.16000366210938,83.26619720458984,2875700
2021-12-20 00:00:00-05:00,83.25,83.25,80.57499694824219,82.33000183105469,81.45563507080078,2440500
2021-12-21 00:00:00-05:00,83.33000183105469,84.27999877929688,82.80999755859375,84.18000030517578,83.28598022460938,1415100
2021-12-22 00:00:00-05:00,84.12999725341797,84.55999755859375,83.63999938964844,84.30999755859375,83.41458892822266,1014500
2021-12-23 00:00:00-05:00,84.8499984741211,85.58799743652344,84.43000030517578,85.25,84.34461212158203,933100
2021-12-27 00:00:00-05:00,85.7300033569336,86.54000091552734,85.58999633789062,86.5199966430664,85.60111999511719,674400
2021-12-28 00:00:00-05:00,86.48999786376953,86.70999908447266,86.12999725341797,86.45999908447266,85.54175567626953,730200
2021-12-29 00:00:00-05:00,86.22000122070312,87.23300170898438,86.22000122070312,86.81999969482422,85.89794158935547,1229700
2021-12-30 00:00:00-05:00,86.87000274658203,87.27400207519531,86.30000305175781,86.36000061035156,85.44281768798828,864300
2021-12-31 00:00:00-05:00,86.16999816894531,87.56900024414062,86.16999816894531,87.06999969482422,86.14527893066406,985600
2022-01-03 00:00:00-05:00,87.19999694824219,88.22000122070312,84.58000183105469,85.56999969482422,84.66120910644531,2209600
2022-01-04 00:00:00-05:00,85.4000015258789,86.45999908447266,84.97000122070312,86.22000122070312,85.30431365966797,1739200
2022-01-05 00:00:00-05:00,86.52999877929688,87.1050033569336,83.7300033569336,83.83000183105469,82.93968963623047,2656900
2022-01-06 00:00:00-05:00,84.19000244140625,84.9800033569336,83.77999877929688,84.70999908447266,83.81034088134766,1641400
2022-01-07 00:00:00-05:00,84.4000015258789,85.2699966430664,84.20999908447266,84.36000061035156,83.46406555175781,2351500
2022-01-10 00:00:00-05:00,83.80999755859375,84.69000244140625,82.45999908447266,84.66000366210938,83.76087951660156,1940000
2022-01-11 00:00:00-05:00,85.19999694824219,86.29000091552734,84.18000030517578,86.23999786376953,85.3240966796875,2334200
2022-01-12 00:00:00-05:00,86.72000122070312,87.33999633789062,86.12999725341797,86.94999694824219,86.02655792236328,2864100
2022-01-13 00:00:00-05:00,87.08999633789062,87.68000030517578,85.54000091552734,85.76000213623047,84.84919738769531,3365800
2022-01-14 00:00:00-05:00,84.86000061035156,85.6449966430664,83.04000091552734,84.18000030517578,83.28598022460938,2870400
2022-01-18 00:00:00-05:00,83.05000305175781,84.1500015258789,81.68000030517578,83.88999938964844,82.99905395507812,2640500
2022-01-19 00:00:00-05:00,84.19999694824219,84.44000244140625,82.8499984741211,83.0999984741211,82.21743774414062,2632200
2022-01-20 00:00:00-05:00,83.5999984741211,84.0999984741211,81.83999633789062,82.20999908447266,81.3368911743164,3534500
2022-01-21 00:00:00-05:00,82.20999908447266,83.9000015258789,81.56999969482422,83.11000061035156,82.22734069824219,2844000
2022-01-24 00:00:00-05:00,81.68000030517578,83.3499984741211,80.13999938964844,83.2300033569336,82.3460693359375,4451900
2022-01-25 00:00:00-05:00,81.7300033569336,83.62999725341797,80.91999816894531,82.97000122070312,82.08882904052734,4027200
2022-01-26 00:00:00-05:00,83.56999969482422,84.62000274658203,81.0,81.5199966430664,80.65422821044922,3633100
2022-01-27 00:00:00-05:00,82.30000305175781,83.41999816894531,81.30000305175781,82.61000061035156,81.73265075683594,3093400
2022-01-28 00:00:00-05:00,82.20999908447266,82.81999969482422,80.83999633789062,82.7699966430664,81.89095306396484,4367500
2022-01-31 00:00:00-05:00,81.30000305175781,85.69499969482422,80.5199966430664,85.43000030517578,84.522705078125,4710600
2022-02-01 00:00:00-05:00,85.8499984741211,86.37000274658203,81.56999969482422,83.55999755859375,82.67255401611328,4970900
2022-02-02 00:00:00-05:00,83.81999969482422,84.31199645996094,82.43000030517578,83.2699966430664,82.3856430053711,2889900
2022-02-03 00:00:00-05:00,82.66999816894531,83.62999725341797,81.75,81.8499984741211,80.98072052001953,2902900
2022-02-04 00:00:00-05:00,81.26000213623047,83.2300033569336,80.97000122070312,82.44000244140625,81.56446075439453,3508500
2022-02-07 00:00:00-05:00,82.5999984741211,82.9000015258789,81.5,81.66000366210938,80.7927474975586,1790200
2022-02-08 00:00:00-05:00,82.04000091552734,84.26000213623047,81.8949966430664,84.06999969482422,83.1771469116211,3294300
2022-02-09 00:00:00-05:00,84.91000366210938,85.11399841308594,83.41000366210938,83.7699966430664,82.88032531738281,2132000
2022-02-10 00:00:00-05:00,82.87999725341797,83.33000183105469,81.19999694824219,81.55000305175781,80.68390655517578,1926400
2022-02-11 00:00:00-05:00,81.5999984741211,81.83999633789062,79.11000061035156,79.63999938964844,78.794189453125,2494800
2022-02-14 00:00:00-05:00,79.55999755859375,80.25,78.66999816894531,79.75,78.90303039550781,3899000
2022-02-15 00:00:00-05:00,81.18000030517578,81.68000030517578,78.54499816894531,78.79000091552734,77.95321655273438,4126300
2022-02-16 00:00:00-05:00,78.94000244140625,79.31999969482422,77.45999908447266,78.87000274658203,78.03237915039062,3305200
2022-02-17 00:00:00-05:00,78.02999877929688,78.0999984741211,76.16100311279297,76.22000122070312,75.64069366455078,2253500
2022-02-18 00:00:00-05:00,76.05000305175781,76.91999816894531,75.33999633789062,76.3499984741211,75.76969909667969,6320300
2022-02-22 00:00:00-05:00,76.0999984741211,77.51000213623047,75.87999725341797,76.30000305175781,75.72008514404297,2481400
2022-02-23 00:00:00-05:00,76.7699966430664,76.80000305175781,74.16000366210938,74.69000244140625,74.122314453125,2771000
2022-02-24 00:00:00-05:00,73.32499694824219,76.93000030517578,73.0999984741211,76.58999633789062,76.00787353515625,3807000
2022-02-25 00:00:00-05:00,76.68000030517578,78.77999877929688,76.45999908447266,78.51000213623047,77.91328430175781,3005300
2022-02-28 00:00:00-05:00,77.16000366210938,78.93000030517578,77.16000366210938,78.33000183105469,77.73464965820312,3918500
2022-03-01 00:00:00-05:00,78.33999633789062,78.4800033569336,76.55999755859375,77.6500015258789,77.05982208251953,3501600
2022-03-02 00:00:00-05:00,78.18000030517578,79.00499725341797,78.05000305175781,78.77999877929688,78.18122863769531,3266200
2022-03-03 00:00:00-05:00,79.66999816894531,80.54000091552734,78.69999694824219,79.18000030517578,78.57818603515625,2660900
2022-03-04 00:00:00-05:00,78.20999908447266,78.58000183105469,76.66000366210938,77.95999908447266,77.36746215820312,2967900
2022-03-07 00:00:00-05:00,77.80000305175781,78.08999633789062,74.25,74.30000305175781,73.73528289794922,2768400
2022-03-08 00:00:00-05:00,74.20999908447266,75.2300033569336,73.4800033569336,73.5,72.94136810302734,3249800
2022-03-09 00:00:00-05:00,74.94000244140625,76.19999694824219,74.76000213623047,75.26000213623047,74.68798065185547,3050200
2022-03-10 00:00:00-05:00,74.30000305175781,74.55000305175781,73.30000305175781,73.80000305175781,73.23908233642578,3981100
2022-03-11 00:00:00-05:00,73.98999786376953,74.11499786376953,72.2699966430664,72.4000015258789,71.84972381591797,3290800
2022-03-14 00:00:00-04:00,73.33000183105469,73.375,71.06999969482422,71.9800033569336,71.43292236328125,4014900
2022-03-15 00:00:00-04:00,72.5,73.91000366210938,71.94999694824219,73.6500015258789,73.09022521972656,4655600
2022-03-16 00:00:00-04:00,74.51000213623047,76.83000183105469,74.0,75.5,74.92616271972656,2692800
2022-03-17 00:00:00-04:00,75.04000091552734,76.44000244140625,74.98999786376953,76.38999938964844,75.80939483642578,1868200
2022-03-18 00:00:00-04:00,76.6500015258789,78.37000274658203,76.5199966430664,77.9800033569336,77.38731384277344,3822500
2022-03-21 00:00:00-04:00,77.5199966430664,78.16500091552734,76.41999816894531,77.33000183105469,76.74225616455078,1805000
2022-03-22 00:00:00-04:00,77.30000305175781,78.58000183105469,77.30000305175781,77.52999877929688,76.94073486328125,2601700
2022-03-23 00:00:00-04:00,77.12999725341797,77.61000061035156,76.25,76.44000244140625,75.85902404785156,1675300
2022-03-24 00:00:00-04:00,76.37999725341797,77.47000122070312,75.94999694824219,77.41999816894531,76.83157348632812,1837900
2022-03-25 00:00:00-04:00,77.61000061035156,77.75,76.62000274658203,77.23999786376953,76.6529312133789,1531900
2022-03-28 00:00:00-04:00,76.95999908447266,78.05000305175781,76.31999969482422,78.01000213623047,77.41708374023438,2218200
2022-03-29 00:00:00-04:00,78.69999694824219,79.48999786376953,78.08999633789062,78.6500015258789,78.05221557617188,1812200
2022-03-30 00:00:00-04:00,78.0,78.6500015258789,77.69999694824219,77.75,77.1590576171875,1261600
2022-03-31 00:00:00-04:00,77.61000061035156,78.34500122070312,76.9000015258789,76.94999694824219,76.3651351928711,2413400
2022-04-01 00:00:00-04:00,76.91000366210938,77.25399780273438,75.75,76.27999877929688,75.70022583007812,2591900
2022-04-04 00:00:00-04:00,76.30000305175781,76.75,75.80999755859375,76.63999938964844,76.0574951171875,1872600
2022-04-05 00:00:00-04:00,76.36000061035156,76.56999969482422,74.91000366210938,75.1500015258789,74.57881927490234,1582900
2022-04-06 00:00:00-04:00,74.33000183105469,76.3499984741211,74.16000366210938,76.2300033569336,75.65061950683594,2666000
2022-04-07 00:00:00-04:00,75.77999877929688,77.98999786376953,75.77999877929688,77.54000091552734,76.9506607055664,3012100
2022-04-08 00:00:00-04:00,77.26000213623047,78.19999694824219,77.11000061035156,77.23999786376953,76.6529312133789,2107000
2022-04-11 00:00:00-04:00,77.0,77.26000213623047,76.16000366210938,76.37000274658203,75.78955078125,1750400
2022-04-12 00:00:00-04:00,76.5199966430664,77.19000244140625,75.48999786376953,75.88999938964844,75.31319427490234,2814200
2022-04-13 00:00:00-04:00,75.26000213623047,76.5,75.26000213623047,75.83999633789062,75.2635726928711,1592600
2022-04-14 00:00:00-04:00,76.02999877929688,76.48500061035156,74.69999694824219,74.75,74.1818618774414,1717000
2022-04-18 00:00:00-04:00,74.69000244140625,75.06999969482422,73.12000274658203,73.62000274658203,73.06045532226562,1517100
2022-04-19 00:00:00-04:00,74.02999877929688,75.4800033569336,73.87000274658203,75.37000274658203,74.79715728759766,1380400
2022-04-20 00:00:00-04:00,75.9800033569336,76.37000274658203,75.29000091552734,75.5199966430664,74.94600677490234,2107800
2022-04-21 00:00:00-04:00,76.0999984741211,76.62999725341797,74.83999633789062,75.20999908447266,74.63836669921875,2256200
2022-04-22 00:00:00-04:00,73.83999633789062,74.62999725341797,73.31999969482422,73.41999816894531,72.8619613647461,2115500
2022-04-25 00:00:00-04:00,75.27999877929688,76.02999877929688,73.05999755859375,74.5999984741211,74.03300476074219,4038900
2022-04-26 00:00:00-04:00,73.37000274658203,73.97000122070312,72.19000244140625,72.37000274658203,71.81995391845703,2231400
2022-04-27 00:00:00-04:00,72.30999755859375,74.3499984741211,72.30999755859375,73.56999969482422,73.01083374023438,2499900
2022-04-28 00:00:00-04:00,73.58999633789062,76.5199966430664,73.44000244140625,76.06999969482422,75.49182891845703,2837400
2022-04-29 00:00:00-04:00,75.58000183105469,75.91999816894531,72.56999969482422,72.83999633789062,72.286376953125,2808100
2022-05-02 00:00:00-04:00,73.0,74.04000091552734,71.33000183105469,72.94999694824219,72.39553833007812,2627400
2022-05-03 00:00:00-04:00,72.91999816894531,73.62999725341797,72.46800231933594,73.31999969482422,72.76273345947266,2297000
2022-05-04 00:00:00-04:00,73.94000244140625,76.83000183105469,73.26000213623047,76.5999984741211,76.0177993774414,2700800
2022-05-05 00:00:00-04:00,75.48999786376953,76.0999984741211,73.93499755859375,74.68000030517578,74.11239624023438,2377800
2022-05-06 00:00:00-04:00,74.2300033569336,74.87000274658203,72.7699966430664,74.58000183105469,74.01315307617188,2470400
2022-05-09 00:00:00-04:00,73.29000091552734,74.19000244140625,72.7699966430664,73.30999755859375,72.75279998779297,2718000
2022-05-10 00:00:00-04:00,73.87000274658203,74.80000305175781,71.47000122070312,72.7699966430664,72.21690368652344,2771000
2022-05-11 00:00:00-04:00,72.70999908447266,73.9800033569336,72.33999633789062,72.9000015258789,72.3459243774414,3214400
2022-05-12 00:00:00-04:00,72.5199966430664,74.30000305175781,71.26000213623047,73.0,72.4451675415039,2482100
2022-05-13 00:00:00-04:00,73.83000183105469,75.48999786376953,73.48500061035156,75.11000061035156,74.53912353515625,2601200
2022-05-16 00:00:00-04:00,74.55999755859375,74.86000061035156,73.58000183105469,74.33999633789062,73.77497100830078,2101000
2022-05-17 00:00:00-04:00,75.04000091552734,75.45999908447266,73.86000061035156,75.45999908447266,74.88646697998047,2742800
2022-05-18 00:00:00-04:00,74.41000366210938,74.87000274658203,71.98999786376953,72.20999908447266,71.66116333007812,1899700
2022-05-19 00:00:00-04:00,71.26000213623047,73.48999786376953,71.20999908447266,72.58999633789062,72.32875061035156,1780500
2022-05-20 00:00:00-04:00,73.30999755859375,74.36000061035156,71.44999694824219,73.44000244140625,73.17569732666016,3017700
2022-05-23 00:00:00-04:00,73.98999786376953,74.7750015258789,73.12999725341797,73.87000274658203,73.6041488647461,2473100
2022-05-24 00:00:00-04:00,74.83000183105469,75.87999725341797,73.2300033569336,75.48999786376953,75.21831512451172,3071700
2022-05-25 00:00:00-04:00,74.72000122070312,74.91999816894531,72.7750015258789,73.52999877929688,73.26537322998047,2854900
2022-05-26 00:00:00-04:00,74.37999725341797,75.56999969482422,74.08000183105469,75.08000183105469,74.8097915649414,3380100
2022-05-27 00:00:00-04:00,75.8499984741211,76.62000274658203,75.37999725341797,76.30000305175781,76.02540588378906,2837700
2022-05-31 00:00:00-04:00,75.55000305175781,75.65499877929688,73.7300033569336,74.4000015258789,74.13224029541016,9765400
2022-06-01 00:00:00-04:00,74.31999969482422,75.16999816894531,73.58000183105469,73.97000122070312,73.70378875732422,2384000
2022-06-02 00:00:00-04:00,74.0,75.36000061035156,73.6500015258789,75.23999786376953,74.9692153930664,2133600
2022-06-03 00:00:00-04:00,74.73999786376953,75.31999969482422,74.08999633789062,75.19000244140625,74.91939544677734,1415400
2022-06-06 00:00:00-04:00,75.52999877929688,76.05999755859375,75.08000183105469,75.19999694824219,74.92935943603516,1019900
2022-06-07 00:00:00-04:00,74.73999786376953,76.55999755859375,74.37999725341797,76.48999786376953,76.21471405029297,1582500
2022-06-08 00:00:00-04:00,75.83000183105469,76.94000244140625,75.19000244140625,76.33999633789062,76.06525421142578,1926900
2022-06-09 00:00:00-04:00,76.19000244140625,77.16000366210938,75.76000213623047,76.0,75.72647857666016,2505100
2022-06-10 00:00:00-04:00,74.79000091552734,75.02999877929688,73.2699966430664,73.29000091552734,73.02623748779297,2314500
2022-06-13 00:00:00-04:00,71.43000030517578,72.19999694824219,70.44999694824219,71.0999984741211,70.8441162109375,1860400
2022-06-14 00:00:00-04:00,70.91999816894531,71.20500183105469,68.63999938964844,69.20999908447266,68.9609146118164,1859400
2022-06-15 00:00:00-04:00,69.41000366210938,70.7699966430664,68.76000213623047,69.76000213623047,69.50894165039062,1629300
2022-06-16 00:00:00-04:00,68.41999816894531,68.48500061035156,66.97000122070312,67.94999694824219,67.70545196533203,1818700
2022-06-17 00:00:00-04:00,67.94000244140625,68.73999786376953,67.2300033569336,67.87999725341797,67.63570404052734,3669400
2022-06-21 00:00:00-04:00,68.80000305175781,70.11000061035156,68.16000366210938,69.87000274658203,69.61854553222656,2506000
2022-06-22 00:00:00-04:00,68.4800033569336,69.12000274658203,67.87000274658203,68.76000213623047,68.51254272460938,2621800
2022-06-23 00:00:00-04:00,68.68000030517578,69.5199966430664,67.91999816894531,68.58999633789062,68.34314727783203,1791000
2022-06-24 00:00:00-04:00,68.94999694824219,70.9000015258789,68.47000122070312,70.86000061035156,70.60498046875,3453500
2022-06-27 00:00:00-04:00,71.30000305175781,71.37000274658203,69.125,69.91999816894531,69.6683578491211,2327700
2022-06-28 00:00:00-04:00,70.19999694824219,70.8499984741211,69.48999786376953,69.79000091552734,69.53883361816406,1877800
2022-06-29 00:00:00-04:00,69.5,70.19999694824219,68.5199966430664,69.77999877929688,69.52886199951172,2728700
2022-06-30 00:00:00-04:00,68.97000122070312,70.91000366210938,68.75,70.66999816894531,70.41566467285156,2822500
2022-07-01 00:00:00-04:00,70.9800033569336,72.24500274658203,70.2300033569336,71.9000015258789,71.6412353515625,2096300
2022-07-05 00:00:00-04:00,70.37999725341797,71.48999786376953,70.17500305175781,71.37000274658203,71.11314392089844,1936800
2022-07-06 00:00:00-04:00,71.45999908447266,71.77999877929688,70.58999633789062,71.26000213623047,71.0035400390625,2440000
2022-07-07 00:00:00-04:00,68.6500015258789,70.20999908447266,67.36000061035156,70.08999633789062,69.8377456665039,4386800
2022-07-08 00:00:00-04:00,70.0,70.37000274658203,68.82099914550781,69.88999938964844,69.63847351074219,2485600
2022-07-11 00:00:00-04:00,69.93000030517578,70.16999816894531,68.69999694824219,69.0,68.75167083740234,2116900
2022-07-12 00:00:00-04:00,68.88999938964844,70.19999694824219,68.55999755859375,68.83999633789062,68.59224700927734,2430700
2022-07-13 00:00:00-04:00,68.08000183105469,68.94999694824219,67.83000183105469,68.4000015258789,68.1538314819336,1635500
2022-07-14 00:00:00-04:00,67.31999969482422,69.0199966430664,67.0,68.98999786376953,68.74170684814453,2793600
2022-07-15 00:00:00-04:00,69.93000030517578,70.1500015258789,69.26000213623047,69.51000213623047,69.25984191894531,3010100
2022-07-18 00:00:00-04:00,69.88999938964844,70.48400115966797,68.77999877929688,68.95999908447266,68.7118148803711,1525900
2022-07-19 00:00:00-04:00,69.80000305175781,71.93000030517578,69.75,71.83999633789062,71.58145141601562,2450500
2022-07-20 00:00:00-04:00,72.04000091552734,72.76000213623047,71.0999984741211,72.66999816894531,72.40846252441406,1942400
2022-07-21 00:00:00-04:00,72.6500015258789,73.11499786376953,72.25,72.94999694824219,72.68745422363281,1520900
2022-07-22 00:00:00-04:00,73.08000183105469,73.29000091552734,71.37999725341797,71.9000015258789,71.6412353515625,3805300
2022-07-25 00:00:00-04:00,71.97000122070312,72.66000366210938,71.70999908447266,72.38999938964844,72.12947082519531,1620800
2022-07-26 00:00:00-04:00,72.38999938964844,72.79000091552734,71.58999633789062,72.72000122070312,72.45829010009766,1897800
2022-07-27 00:00:00-04:00,72.80000305175781,76.61000061035156,72.80000305175781,76.44000244140625,76.16490173339844,3786500
2022-07-28 00:00:00-04:00,76.05999755859375,77.48999786376953,75.91000366210938,76.8499984741211,76.57341766357422,2118300
2022-07-29 00:00:00-04:00,77.08999633789062,78.55000305175781,76.38999938964844,78.16999816894531,77.888671875,2183100
2022-08-01 00:00:00-04:00,77.30000305175781,79.05000305175781,77.30000305175781,78.27999877929688,77.99827575683594,2425700
2022-08-02 00:00:00-04:00,78.16999816894531,78.7699966430664,77.4000015258789,77.45999908447266,77.18122863769531,2146700
2022-08-03 00:00:00-04:00,77.8499984741211,79.69999694824219,77.45899963378906,79.2300033569336,78.94486236572266,2483600
2022-08-04 00:00:00-04:00,79.58000183105469,79.80999755859375,79.04000091552734,79.5,79.21388244628906,2129600
2022-08-05 00:00:00-04:00,78.91000366210938,79.71499633789062,78.55999755859375,79.31999969482422,79.03453063964844,1492700
2022-08-08 00:00:00-04:00,79.80000305175781,80.06500244140625,79.01499938964844,79.27999877929688,78.99467468261719,1882400
2022-08-09 00:00:00-04:00,78.9000015258789,79.08000183105469,78.36000061035156,78.86000061035156,78.57618713378906,1276600
2022-08-10 00:00:00-04:00,80.0,80.54499816894531,79.37999725341797,79.9000015258789,79.6124496459961,1419700
2022-08-11 00:00:00-04:00,80.70999908447266,81.54000091552734,80.0999984741211,80.5999984741211,80.30992126464844,1665800
2022-08-12 00:00:00-04:00,81.05999755859375,81.86000061035156,80.55000305175781,81.75,81.4557876586914,1758800
2022-08-15 00:00:00-04:00,81.26000213623047,81.94000244140625,81.01000213623047,81.55000305175781,81.25650787353516,2015600
2022-08-16 00:00:00-04:00,81.23999786376953,81.76000213623047,80.90499877929688,81.31999969482422,81.02733612060547,1862100
2022-08-17 00:00:00-04:00,80.5199966430664,80.86000061035156,80.16000366210938,80.58000183105469,80.29000091552734,1623200
2022-08-18 00:00:00-04:00,80.54000091552734,80.58999633789062,80.01000213623047,80.41000366210938,80.41000366210938,1183100
2022-08-19 00:00:00-04:00,80.02999877929688,80.19999694824219,78.98999786376953,79.41000366210938,79.41000366210938,1212500
2022-08-22 00:00:00-04:00,78.06999969482422,78.2750015258789,77.08999633789062,77.33000183105469,77.33000183105469,2493900
2022-08-23 00:00:00-04:00,77.12999725341797,77.66000366210938,76.55500030517578,76.9000015258789,76.9000015258789,1680300
2022-08-24 00:00:00-04:00,76.95999908447266,77.66000366210938,76.77999877929688,77.37000274658203,77.37000274658203,1676800
2022-08-25 00:00:00-04:00,77.70999908447266,78.23999786376953,77.38999938964844,78.18000030517578,78.18000030517578,1881600
2022-08-26 00:00:00-04:00,78.38999938964844,78.38999938964844,75.16999816894531,75.2300033569336,75.2300033569336,1482100
2022-08-29 00:00:00-04:00,74.75,74.80000305175781,73.88999938964844,74.06999969482422,74.06999969482422,1441700
2022-08-30 00:00:00-04:00,74.12999725341797,74.36000061035156,72.2300033569336,72.86000061035156,72.86000061035156,2247000
2022-08-31 00:00:00-04:00,73.19999694824219,73.48999786376953,71.83000183105469,72.22000122070312,72.22000122070312,3350600
2022-09-01 00:00:00-04:00,72.13999938964844,72.76000213623047,71.31999969482422,72.72000122070312,72.72000122070312,1653600
2022-09-02 00:00:00-04:00,73.45999908447266,73.61000061035156,71.44999694824219,71.72000122070312,71.72000122070312,1565900
2022-09-06 00:00:00-04:00,71.69999694824219,72.1500015258789,70.93000030517578,72.08000183105469,72.08000183105469,1597300
2022-09-07 00:00:00-04:00,72.20999908447266,73.51000213623047,71.7300033569336,73.41000366210938,73.41000366210938,1751400
2022-09-08 00:00:00-04:00,72.94000244140625,73.22000122070312,72.41999816894531,72.91000366210938,72.91000366210938,1883900
2022-09-09 00:00:00-04:00,73.18000030517578,73.54000091552734,72.7699966430664,73.4000015258789,73.4000015258789,1803300
2022-09-12 00:00:00-04:00,73.98999786376953,74.0999984741211,72.87000274658203,73.80000305175781,73.80000305175781,1693800
2022-09-13 00:00:00-04:00,72.2699966430664,72.43000030517578,70.76000213623047,71.12000274658203,71.12000274658203,1756300
2022-09-14 00:00:00-04:00,71.05000305175781,71.17500305175781,69.30999755859375,69.8499984741211,69.8499984741211,2097200
2022-09-15 00:00:00-04:00,69.9000015258789,70.45999908447266,68.69000244140625,68.93000030517578,68.93000030517578,2129100
2022-09-16 00:00:00-04:00,68.16999816894531,68.30000305175781,67.0199966430664,67.80000305175781,67.80000305175781,3687800
2022-09-19 00:00:00-04:00,67.44999694824219,68.3499984741211,67.4000015258789,68.25,68.25,2338000
2022-09-20 00:00:00-04:00,67.83000183105469,68.01000213623047,66.88999938964844,67.62000274658203,67.62000274658203,1842500
2022-09-21 00:00:00-04:00,67.93000030517578,68.83999633789062,67.0199966430664,67.02999877929688,67.02999877929688,1579600
2022-09-22 00:00:00-04:00,66.58000183105469,67.11499786376953,65.3550033569336,65.44999694824219,65.44999694824219,1981000
2022-09-23 00:00:00-04:00,64.98999786376953,65.93000030517578,64.75499725341797,65.77999877929688,65.77999877929688,2551600
2022-09-26 00:00:00-04:00,65.4800033569336,66.58000183105469,64.8499984741211,65.37000274658203,65.37000274658203,2415500
2022-09-27 00:00:00-04:00,65.94000244140625,66.25,64.61000061035156,65.12999725341797,65.12999725341797,1890500
2022-09-28 00:00:00-04:00,65.7300033569336,66.2300033569336,64.8949966430664,65.7699966430664,65.7699966430664,2264400
2022-09-29 00:00:00-04:00,65.22000122070312,65.36000061035156,63.875,64.5,64.5,1910800
2022-09-30 00:00:00-04:00,64.52999877929688,64.91999816894531,63.7400016784668,63.79999923706055,63.79999923706055,2625600
2022-10-03 00:00:00-04:00,64.72000122070312,66.01000213623047,64.11000061035156,65.44000244140625,65.44000244140625,1905500
2022-10-04 00:00:00-04:00,66.45999908447266,67.4800033569336,66.28500366210938,67.05000305175781,67.05000305175781,2424900
2022-10-05 00:00:00-04:00,66.41999816894531,67.87999725341797,66.33499908447266,67.43000030517578,67.43000030517578,1452500
2022-10-06 00:00:00-04:00,67.22000122070312,67.61000061035156,66.69999694824219,66.80000305175781,66.80000305175781,1670000
2022-10-07 00:00:00-04:00,66.16999816894531,66.51000213623047,64.87000274658203,65.26000213623047,65.26000213623047,1446600
2022-10-10 00:00:00-04:00,65.80000305175781,65.98999786376953,64.47000122070312,65.01000213623047,65.01000213623047,841300
2022-10-11 00:00:00-04:00,64.97000122070312,65.56999969482422,64.4800033569336,64.75,64.75,1449200
2022-10-12 00:00:00-04:00,65.06999969482422,65.33999633789062,64.56500244140625,64.58000183105469,64.58000183105469,1637600
2022-10-13 00:00:00-04:00,63.18000030517578,65.55000305175781,62.4900016784668,65.01000213623047,65.01000213623047,1946400
2022-10-14 00:00:00-04:00,65.43000030517578,66.0999984741211,63.83000183105469,64.12000274658203,64.12000274658203,1632800
2022-10-17 00:00:00-04:00,65.02999877929688,65.7300033569336,64.80999755859375,65.37000274658203,65.37000274658203,1688600
2022-10-18 00:00:00-04:00,66.91999816894531,67.0,66.0,66.70999908447266,66.70999908447266,1637200
2022-10-19 00:00:00-04:00,66.47000122070312,66.94999694824219,65.66000366210938,66.27999877929688,66.27999877929688,1552300
2022-10-20 00:00:00-04:00,66.44000244140625,66.70500183105469,64.66999816894531,64.75,64.75,1923200
2022-10-21 00:00:00-04:00,65.02999877929688,66.94000244140625,64.30000305175781,66.79000091552734,66.79000091552734,2351000
